food_id,food_name,food_group,energy_kcal,protein_g,carbohydrate_g,fat_g,fiber_g,sugar_g,sodium_mg,source
A001,"Amaranth seed, black",Cereals and Millets,356.1,14.59,56.71,5.74,7.02,0.88,2.7,IFCT2017
A002,"Amaranth seed, pale brown",Cereals and Millets,355.9,13.27,60.13,5.56,7.47,0.8,2.8,IFCT2017
A003,Bajra,Cereals and Millets,348.0,10.96,56.02,5.43,11.49,0.81,4.1,IFCT2017
A004,Barley,Cereals and Millets,315.7,10.94,72.73,1.3,15.64,0.06,7.6,IFCT2017
A005,Jowar,Cereals and Millets,334.1,9.97,60.96,1.73,10.22,1.27,5.4,IFCT2017
A006,"Maize, dry",Cereals and Millets,334.1,8.8,61.01,3.77,12.24,1.66,4.4,IFCT2017
A007,"Maize, tender, local",Cereals and Millets,120.0,3.57,17.35,1.4,3.67,1.47,2.2,IFCT2017
A008,"Maize, tender, sweet",Cereals and Millets,96.8,4.16,12.11,1.35,3.3,4.67,2.2,IFCT2017
A009,Quinoa,Cereals and Millets,328.4,13.11,49.82,5.5,14.66,1.41,4.5,IFCT2017
A010,Ragi,Cereals and Millets,320.7,7.16,62.47,1.92,11.18,0.34,4.8,IFCT2017
A011,Rice flakes,Cereals and Millets,353.7,7.44,68.4,1.14,3.46,0.34,2.6,IFCT2017
A012,Rice puffed,Cereals and Millets,361.9,7.47,69.89,1.62,2.56,0.64,3.7,IFCT2017
A013,"Rice, raw, brown",Cereals and Millets,353.7,9.16,72.0,1.24,4.43,0.69,3.6,IFCT2017
A014,"Rice, parboiled, milled",Cereals and Millets,351.6,7.81,76.8,0.55,3.74,0.67,3.2,IFCT2017
A015,"Rice, raw, milled",Cereals and Millets,356.4,7.94,76.39,0.52,2.81,0.69,2.3,IFCT2017
A016,Samai,Cereals and Millets,346.3,10.13,56.43,3.89,7.72,0.37,4.8,IFCT2017
A017,Varagu,Cereals and Millets,331.7,8.92,66.25,2.55,6.39,1.29,3.4,IFCT2017
A018,"Wheat flour, refined",Cereals and Millets,351.8,10.36,71.82,0.76,2.76,1.79,1.5,IFCT2017
A019,"Wheat flour, atta",Cereals and Millets,320.3,10.57,58.62,1.53,11.36,1.8,2.0,IFCT2017
A020,"Wheat, whole",Cereals and Millets,321.9,10.59,59.3,1.47,11.23,1.77,2.5,IFCT2017
A021,"Wheat, bulgur",Cereals and Millets,341.8,10.84,61.74,1.45,8.81,1.2,2.1,IFCT2017
A022,"Wheat, semolina",Cereals and Millets,333.7,11.38,59.85,0.74,9.72,1.65,2.3,IFCT2017
A023,"Wheat, vermicelli",Cereals and Millets,332.7,9.7,56.99,0.45,9.28,1.68,2.7,IFCT2017
A024,"Wheat, vermicelli, roasted",Cereals and Millets,340.1,10.37,56.69,0.49,9.55,2.14,3.4,IFCT2017
B001,"Bengal gram, dal",Grain Legumes,329.1,21.55,41.52,5.31,15.15,1.03,20.8,IFCT2017
B002,"Bengal gram, whole",Grain Legumes,287.0,18.77,36.68,5.11,25.22,0.99,26.6,IFCT2017
B003,"Black gram, dal",Grain Legumes,324.1,23.06,48.73,1.69,11.93,0.84,18.9,IFCT2017
B004,"Black gram, whole",Grain Legumes,291.3,21.97,42.64,1.58,20.41,0.45,26.8,IFCT2017
B005,"Cowpea, brown",Grain Legumes,320.3,20.36,47.09,1.15,11.54,1.6,13.7,IFCT2017
B006,"Cowpea, white",Grain Legumes,320.3,21.25,47.51,1.14,11.7,1.18,12.5,IFCT2017
B007,"Field bean, black",Grain Legumes,276.1,19.93,41.22,0.92,23.4,1.15,1.4,IFCT2017
B008,"Field bean, brown",Grain Legumes,283.0,19.9,43.47,0.98,22.4,1.17,1.4,IFCT2017
B009,"Field bean, white",Grain Legumes,280.4,19.84,44.32,0.94,22.99,1.07,1.7,IFCT2017
B010,"Green gram, dal",Grain Legumes,325.8,23.88,42.01,1.35,9.37,0.95,10.1,IFCT2017
B011,"Green gram, whole",Grain Legumes,293.7,22.53,39.75,1.14,17.04,0.54,12.5,IFCT2017
B012,"Horse gram, whole",Grain Legumes,329.6,21.73,48.31,0.62,7.88,0.35,12.1,IFCT2017
B013,Lentil dal,Grain Legumes,322.4,24.35,46.39,0.75,10.43,1.95,10.3,IFCT2017
B014,"Lentil whole, brown",Grain Legumes,299.0,22.49,43.03,0.64,16.82,1.63,11.2,IFCT2017
B015,"Lentil whole, yellowish",Grain Legumes,297.8,22.87,43.58,0.61,16.66,1.5,10.9,IFCT2017
B016,Moth bean,Grain Legumes,308.6,19.75,48.0,1.76,15.12,1.36,26.3,IFCT2017
B017,"Peas, dry",Grain Legumes,303.3,20.43,45.07,1.89,17.01,2.03,23.4,IFCT2017
B018,"Rajmah, black",Grain Legumes,298.0,19.01,40.46,1.62,17.74,2.02,9.4,IFCT2017
B019,"Rajmah, brown",Grain Legumes,297.6,19.5,40.32,1.68,16.95,2.27,10.5,IFCT2017
B020,"Rajmah, red",Grain Legumes,299.2,19.91,40.07,1.77,16.57,1.52,10.4,IFCT2017
B021,"Red gram, dal",Grain Legumes,330.8,21.7,50.6,1.56,9.06,2.08,18.0,IFCT2017
B022,"Red gram, whole",Grain Legumes,273.9,20.47,40.27,1.38,22.84,1.3,19.0,IFCT2017
B023,Ricebean,Grain Legumes,302.3,19.97,45.38,0.74,13.37,1.33,10.6,IFCT2017
B024,"Soya bean, brown",Grain Legumes,381.5,35.58,9.16,19.82,21.55,2.51,2.1,IFCT2017
B025,"Soya bean, white",Grain Legumes,377.4,37.8,9.46,19.42,22.63,2.2,2.8,IFCT2017
C001,Agathi leaves,Green Leafy Vegetables,70.5,8.01,3.95,1.35,8.6,0.23,18.1,IFCT2017
C002,"Amaranth leaves, green",Green Leafy Vegetables,30.6,3.29,1.02,0.65,4.41,0.32,16.1,IFCT2017
C003,"Amaranth leaves, red mix",Green Leafy Vegetables,33.5,3.93,1.05,0.63,4.91,0.28,14.6,IFCT2017
C004,"Amaranth leaves, red and green mix",Green Leafy Vegetables,31.5,3.09,1.1,0.53,4.6,0.15,17.6,IFCT2017
C005,"Amaranth spinosus, leaves, green mix",Green Leafy Vegetables,26.3,3.54,0.83,0.36,5.1,0.14,15.7,IFCT2017
C006,"Amaranth spinosus, leaves, red and green mix",Green Leafy Vegetables,23.7,2.8,0.86,0.34,5.57,0.13,16.3,IFCT2017
C007,Basella leaves,Green Leafy Vegetables,19.6,1.57,1.69,0.45,2.21,0.02,18.7,IFCT2017
C008,Bathua leaves,Green Leafy Vegetables,27.7,2.5,1.59,0.44,4.01,0.52,10.8,IFCT2017
C009,Beet greens,Green Leafy Vegetables,34.7,2.38,2.18,0.75,3.64,0.13,111.0,IFCT2017
C010,"Betel leaves, big (kolkata)",Green Leafy Vegetables,48.3,2.51,6.61,0.75,2.12,0.37,16.8,IFCT2017
C011,"Betel leaves, small",Green Leafy Vegetables,43.7,2.62,5.54,0.75,1.97,0.4,14.0,IFCT2017
C012,Brussels sprouts,Green Leafy Vegetables,44.2,4.26,4.42,0.5,4.29,0.17,18.5,IFCT2017
C013,"Cabbage, Chinese",Green Leafy Vegetables,17.9,1.58,1.42,0.13,2.01,0.42,20.3,IFCT2017
C014,"Cabbage, collard greens",Green Leafy Vegetables,30.1,3.63,2.35,0.27,2.98,0.76,23.0,IFCT2017
C015,"Cabbage, green",Green Leafy Vegetables,21.5,1.36,1.54,0.12,2.76,1.0,15.0,IFCT2017
C016,"Cabbage, violet",Green Leafy Vegetables,23.2,1.39,1.33,0.21,2.21,0.8,24.0,IFCT2017
C017,Cauliflower leaves,Green Leafy Vegetables,35.4,3.9,2.15,0.42,3.43,0.61,24.3,IFCT2017
C018,"Colocasia leaves, green",Green Leafy Vegetables,43.5,3.42,2.72,1.38,5.6,0.63,12.1,IFCT2017
C019,Drumstick leaves,Green Leafy Vegetables,67.4,6.41,2.51,1.64,8.21,0.02,9.3,IFCT2017
C020,Fenugreek leaves,Green Leafy Vegetables,34.4,3.68,1.48,0.83,4.9,0.88,47.0,IFCT2017
C021,Garden cress,Green Leafy Vegetables,49.7,5.62,2.17,0.8,2.6,0.92,25.4,IFCT2017
C022,"Gogu leaves, green",Green Leafy Vegetables,36.3,1.86,1.16,1.09,4.59,0.01,12.3,IFCT2017
C023,"Gogu leaves, red",Green Leafy Vegetables,36.6,1.85,1.17,1.07,3.89,0.01,14.1,IFCT2017
C024,"Knol-Khol, leaves",Green Leafy Vegetables,42.5,3.12,4.57,0.35,2.76,0.1,26.8,IFCT2017
C025,Lettuce,Green Leafy Vegetables,21.7,1.54,1.72,0.27,1.79,0.22,17.5,IFCT2017
C026,Mustard leaves,Green Leafy Vegetables,30.4,3.52,1.45,0.51,3.92,0.04,19.1,IFCT2017
C027,Pak Choi leaves,Green Leafy Vegetables,16.0,1.41,1.62,0.25,1.91,0.52,33.7,IFCT2017
C028,Parsley,Green Leafy Vegetables,72.9,5.55,7.05,1.14,3.87,0.69,53.1,IFCT2017
C029,Ponnaganni,Green Leafy Vegetables,50.9,5.29,4.1,0.71,6.74,0.44,39.4,IFCT2017
C030,"Pumpkin leaves, tender",Green Leafy Vegetables,44.2,4.21,2.2,0.74,2.25,0.1,12.2,IFCT2017
C031,Radish leaves,Green Leafy Vegetables,26.1,2.22,2.09,0.51,1.82,0.29,17.4,IFCT2017
C032,Rumex leaves,Green Leafy Vegetables,19.6,1.62,1.55,0.33,1.27,0.45,20.0,IFCT2017
C033,Spinach,Green Leafy Vegetables,24.4,2.14,1.62,0.64,2.38,0.24,42.6,IFCT2017
C034,"Tamarind leaves, tender",Green Leafy Vegetables,71.5,5.84,7.01,0.49,10.7,0.17,13.4,IFCT2017
D001,Ash gourd,Other Vegetables,17.4,0.79,1.2,0.14,3.37,0.19,0.8,IFCT2017
D002,"Bamboo shoot, tender",Other Vegetables,16.3,1.33,0.6,0.35,1.55,0.09,1.1,IFCT2017
D003,"Bean scarlet, tender",Other Vegetables,42.8,2.86,4.56,0.99,4.5,1.03,1.5,IFCT2017
D004,"Bitter gourd, jagged, teeth ridges, elongate",Other Vegetables,20.8,1.44,0.96,0.24,3.78,0.04,13.1,IFCT2017
D005,"Bitter gourd, jagged, teeth ridges, short",Other Vegetables,18.9,1.34,0.99,0.24,3.49,0.06,12.6,IFCT2017
D006,"Bitter gourd, jagged, smooth ridges, elongate",Other Vegetables,19.4,1.61,0.95,0.26,3.72,0.08,11.2,IFCT2017
D007,"Bottle gourd, elongate, pale green",Other Vegetables,11.0,0.53,1.03,0.13,2.12,0.36,1.5,IFCT2017
D008,"Bottle gourd, round, pale green",Other Vegetables,13.6,0.42,1.02,0.12,2.1,0.34,1.5,IFCT2017
D009,"Bottle gourd, elongate, dark green",Other Vegetables,12.9,0.49,0.97,0.13,2.11,0.39,1.4,IFCT2017
D010,Brinjal-1,Other Vegetables,27.2,1.77,1.92,0.39,3.57,0.88,3.2,IFCT2017
D011,Brinjal-2,Other Vegetables,23.7,1.82,1.99,0.34,4.01,0.98,3.9,IFCT2017
D012,Brinjal-3,Other Vegetables,24.4,1.36,1.44,0.33,4.26,0.93,3.1,IFCT2017
D013,Brinjal-4,Other Vegetables,23.9,1.51,1.83,0.31,4.04,0.86,3.3,IFCT2017
D014,Brinjal-5,Other Vegetables,26.5,1.38,1.84,0.29,4.13,0.99,4.0,IFCT2017
D015,Brinjal-6,Other Vegetables,23.2,1.46,2.36,0.29,3.68,1.0,3.8,IFCT2017
D016,Brinjal-7,Other Vegetables,23.4,1.4,2.27,0.37,3.32,1.38,3.4,IFCT2017
D017,Brinjal-8,Other Vegetables,28.0,1.82,2.77,0.33,4.01,0.79,4.7,IFCT2017
D018,Brinjal-9,Other Vegetables,25.3,1.47,2.45,0.35,4.0,0.91,3.1,IFCT2017
D019,Brinjal-10,Other Vegetables,27.7,1.68,2.15,0.25,3.9,0.86,4.4,IFCT2017
D020,Brinjal-11,Other Vegetables,25.1,1.43,2.81,0.31,4.12,1.05,3.5,IFCT2017
D021,Brinjal-12,Other Vegetables,22.2,1.6,1.97,0.27,3.89,1.22,3.9,IFCT2017
D022,Brinjal-13,Other Vegetables,29.6,1.49,2.27,0.31,3.92,1.15,3.0,IFCT2017
D023,Brinjal-14,Other Vegetables,25.3,1.56,1.8,0.35,3.87,0.88,3.7,IFCT2017
D024,Brinjal-15,Other Vegetables,27.2,1.58,1.9,0.29,3.99,0.82,3.3,IFCT2017
D025,Brinjal-16,Other Vegetables,24.6,1.26,1.6,0.34,3.74,0.99,3.2,IFCT2017
D026,Brinjal-17,Other Vegetables,21.7,1.18,1.47,0.36,3.94,0.85,3.1,IFCT2017
D027,Brinjal-18,Other Vegetables,27.7,1.47,2.72,0.33,4.38,1.44,3.6,IFCT2017
D028,Brinjal-19,Other Vegetables,23.9,1.26,2.02,0.31,3.97,0.96,3.1,IFCT2017
D029,Brinjal-20,Other Vegetables,23.7,1.44,2.83,0.34,3.73,0.76,3.6,IFCT2017
D030,Brinjal-21,Other Vegetables,27.0,1.36,2.01,0.35,3.85,0.93,3.1,IFCT2017
D031,Brinjal - all varieties,Other Vegetables,25.3,1.48,2.28,0.32,3.98,0.97,3.6,IFCT2017
D032,Broad beans,Other Vegetables,29.4,3.85,2.06,0.15,8.63,1.22,20.7,IFCT2017
D033,"Capsicum, green",Other Vegetables,16.3,1.11,1.16,0.34,2.06,0.86,1.8,IFCT2017
D034,"Capsicum, red",Other Vegetables,19.8,1.47,1.01,0.47,2.19,0.93,1.7,IFCT2017
D035,"Capsicum, yellow",Other Vegetables,18.6,1.35,1.1,0.41,2.19,0.97,1.6,IFCT2017
D036,Cauliflower,Other Vegetables,22.9,2.15,1.05,0.44,3.71,0.47,30.7,IFCT2017
D037,Celery stalk,Other Vegetables,16.5,0.98,1.42,0.24,2.09,0.75,10.7,IFCT2017
D038,Cho-cho-marrow,Other Vegetables,18.9,0.66,1.93,0.15,1.55,0.76,1.3,IFCT2017
D039,Cluster beans,Other Vegetables,40.2,3.55,4.54,0.37,4.83,0.12,4.0,IFCT2017
D040,"Colocasia, stem, black",Other Vegetables,23.9,0.76,1.08,0.34,3.01,0.53,0.4,IFCT2017
D041,"Colocasia, stem, green",Other Vegetables,19.4,0.91,1.14,0.22,2.33,0.25,0.6,IFCT2017
D042,"Corn, Baby",Other Vegetables,73.1,2.69,4.61,1.33,6.09,0.49,1.4,IFCT2017
D043,"Cucumber, green, elongate",Other Vegetables,19.6,0.71,0.76,0.16,2.14,0.27,6.3,IFCT2017
D044,"Cucumber, green, short",Other Vegetables,17.4,0.83,0.79,0.18,2.13,0.21,6.1,IFCT2017
D045,"Cucumber, orange, round",Other Vegetables,19.6,0.98,0.75,0.24,2.46,0.22,8.2,IFCT2017
D046,Drumstick,Other Vegetables,29.4,2.62,2.77,0.12,6.83,1.47,22.4,IFCT2017
D047,"Field beans, tender, broad",Other Vegetables,30.8,3.06,2.63,0.64,5.64,0.95,14.1,IFCT2017
D048,"Field beans, tender, lean",Other Vegetables,33.5,3.71,2.27,0.6,6.19,0.76,12.8,IFCT2017
D049,"French beans, country",Other Vegetables,24.4,2.49,1.82,0.26,4.38,1.06,8.8,IFCT2017
D050,"French beans, hybrid",Other Vegetables,22.2,2.12,1.77,0.19,4.18,1.0,9.2,IFCT2017
D051,"Jack fruit, raw",Other Vegetables,26.3,1.98,2.04,0.35,7.69,2.02,3.5,IFCT2017
D052,"Jack fruit, seed, mature",Other Vegetables,77.0,5.79,8.77,0.44,8.63,2.23,4.0,IFCT2017
D053,Knol - Khol,Other Vegetables,16.0,1.58,0.94,0.35,2.75,0.43,27.5,IFCT2017
D054,"Kovai, big",Other Vegetables,17.4,1.39,1.21,0.24,3.0,0.98,1.5,IFCT2017
D055,"Kovai, small",Other Vegetables,19.1,1.22,1.19,0.24,3.25,1.07,2.2,IFCT2017
D056,Ladies finger,Other Vegetables,27.5,2.08,1.37,0.22,4.08,0.48,7.4,IFCT2017
D057,"Mango, green, raw",Other Vegetables,49.0,0.69,8.32,0.08,3.01,2.42,33.2,IFCT2017
D058,"Onion, stalk",Other Vegetables,25.6,2.07,1.51,0.26,5.21,0.41,15.5,IFCT2017
D059,"Papaya, raw",Other Vegetables,23.9,0.5,3.63,0.23,2.28,3.63,7.6,IFCT2017
D060,Parwar,Other Vegetables,24.1,1.4,1.26,0.3,2.61,0.37,2.3,IFCT2017
D061,"Peas, fresh",Other Vegetables,81.3,7.25,7.89,0.13,6.32,0.97,3.7,IFCT2017
D062,"Plantain, flower",Other Vegetables,21.3,1.47,2.03,0.63,5.25,0.17,7.5,IFCT2017
D063,"Plantain, green",Other Vegetables,79.8,1.18,16.29,0.23,3.6,0.86,18.6,IFCT2017
D064,"Plantain, stem",Other Vegetables,39.4,0.35,5.15,0.16,2.12,0.65,23.2,IFCT2017
D065,"Pumpkin, green, cylindrical",Other Vegetables,24.6,0.87,3.1,0.18,2.53,2.9,5.2,IFCT2017
D066,"Pumpkin, orange, round",Other Vegetables,23.2,0.84,3.3,0.16,2.56,2.97,8.8,IFCT2017
D067,"Red gram, tender, fresh",Other Vegetables,124.3,8.09,14.57,0.92,5.9,0.55,2.5,IFCT2017
D068,Ridge gourd,Other Vegetables,13.1,0.91,1.4,0.14,1.81,0.62,4.7,IFCT2017
D069,"Ridge gourd, smooth skin",Other Vegetables,15.3,0.98,1.19,0.13,1.85,0.41,6.3,IFCT2017
D070,"Snake gourd, long, pale green",Other Vegetables,12.4,0.98,1.2,0.25,2.27,0.42,7.1,IFCT2017
D071,"Snake gourd, long, dark green",Other Vegetables,12.0,0.89,1.19,0.25,2.27,0.45,5.0,IFCT2017
D072,"Snake gourd, short",Other Vegetables,14.6,0.54,1.18,0.26,2.29,0.46,2.5,IFCT2017
D073,"Tinda, tender",Other Vegetables,13.9,1.02,1.07,0.17,2.0,0.44,20.6,IFCT2017
D074,"Tomato, green",Other Vegetables,20.8,1.12,1.31,0.27,1.62,0.83,13.1,IFCT2017
D075,"Tomato, ripe, hybrid",Other Vegetables,18.9,0.76,1.82,0.25,1.58,1.82,11.9,IFCT2017
D076,"Tomato, ripe, local",Other Vegetables,19.6,0.9,1.34,0.47,1.77,1.34,9.7,IFCT2017
D077,"Zucchini, green",Other Vegetables,20.1,1.1,1.61,0.51,2.3,0.14,0.4,IFCT2017
D078,"Zucchini, yellow",Other Vegetables,18.9,1.31,1.37,0.44,1.84,0.29,0.4,IFCT2017
E001,"Apple, big",Fruits,62.4,0.29,9.53,0.64,2.59,9.53,1.4,IFCT2017
E002,"Apple, green",Fruits,51.1,0.46,8.39,0.5,2.54,8.39,1.5,IFCT2017
E003,"Apple, small",Fruits,63.8,0.31,9.8,0.53,2.06,9.8,1.4,IFCT2017
E004,"Apple, small, Kashmir",Fruits,64.3,0.27,9.15,0.6,2.07,9.15,1.2,IFCT2017
E005,"Apricot, dried",Fruits,315.7,3.17,70.1,0.74,3.32,25.72,3.9,IFCT2017
E006,"Apricot, processed",Fruits,56.4,1.47,9.34,0.64,0.59,4.36,1.6,IFCT2017
E007,Avocado fruit,Fruits,144.4,2.95,1.75,13.86,6.69,1.65,2.8,IFCT2017
E008,Bael fruit,Fruits,136.0,2.63,23.55,0.57,6.31,16.35,1.6,IFCT2017
E009,"Banana, ripe, montham",Fruits,110.7,1.25,18.22,0.32,2.21,14.9,1.2,IFCT2017
E010,"Banana, ripe, poovam",Fruits,106.4,1.49,17.26,0.35,2.33,12.54,1.0,IFCT2017
E011,"Banana, ripe, red",Fruits,111.6,1.29,18.53,0.29,1.98,14.57,1.1,IFCT2017
E012,"Banana, ripe, robusta",Fruits,105.2,1.23,18.94,0.33,1.94,13.65,0.8,IFCT2017
E013,Black berry,Fruits,54.3,0.92,7.61,0.63,4.35,7.61,1.2,IFCT2017
E014,"Cherries, red",Fruits,59.8,1.49,10.72,0.46,2.12,10.72,1.6,IFCT2017
E015,"Currants, black",Fruits,54.3,1.51,8.89,0.53,4.07,6.33,1.4,IFCT2017
E016,Custard apple,Fruits,98.9,1.62,13.69,0.67,5.1,13.35,3.1,IFCT2017
E017,"Dates, dry, pale brown",Fruits,320.3,2.45,67.5,0.35,8.95,66.63,3.3,IFCT2017
E018,"Dates, dry, dark brown",Fruits,310.9,2.38,69.83,0.35,9.1,68.84,3.1,IFCT2017
E019,"Dates, processed",Fruits,286.1,1.18,58.74,0.41,6.52,56.96,1.6,IFCT2017
E020,Fig,Fruits,81.5,2.03,9.79,0.37,4.64,8.64,2.4,IFCT2017
E021,Goosberry,Fruits,23.7,0.34,3.95,0.16,7.75,3.39,1.4,IFCT2017
E022,"Grapes, seeded, round, black",Fruits,60.7,0.76,10.02,0.32,1.35,10.02,1.9,IFCT2017
E023,"Grapes, seeded, round, green",Fruits,56.2,0.77,9.59,0.29,1.25,9.59,1.9,IFCT2017
E024,"Grapes, seeded, round, red",Fruits,58.3,0.95,10.47,0.29,1.28,10.47,1.6,IFCT2017
E025,"Grapes, seedless, oval, black",Fruits,94.4,1.41,9.19,0.46,1.64,9.19,1.8,IFCT2017
E026,"Grapes, seedless, round, green",Fruits,53.5,0.62,9.6,0.26,1.28,9.6,1.8,IFCT2017
E027,"Grapes, seedless, round, black",Fruits,89.4,1.24,10.88,0.35,1.15,10.88,1.9,IFCT2017
E028,"Guava, white flesh",Fruits,32.3,1.44,4.74,0.32,8.59,4.1,2.9,IFCT2017
E029,"Guava, pink flesh",Fruits,46.6,1.19,8.49,0.25,7.39,7.79,1.9,IFCT2017
E030,"Jack fruit, ripe",Fruits,72.2,2.74,12.71,0.15,3.62,12.21,1.6,IFCT2017
E031,"Jambu fruit, ripe",Fruits,56.2,0.82,8.32,0.17,3.07,6.84,2.6,IFCT2017
E032,Karonda fruit,Fruits,33.7,1.15,2.55,1.67,7.25,1.75,2.6,IFCT2017
E033,"Lemon, juice",Fruits,36.6,0.41,2.59,0.75,0.0,2.59,1.2,IFCT2017
E034,"Lime, sweet, pulp",Fruits,27.2,0.76,3.94,0.2,2.07,3.42,1.2,IFCT2017
E035,Litchi,Fruits,53.8,0.99,9.3,0.26,1.34,9.3,0.5,IFCT2017
E036,"Mango, ripe, banganapalli",Fruits,41.8,0.54,7.77,0.55,1.88,7.77,1.3,IFCT2017
E037,"Mango, ripe, gulabkhas",Fruits,50.0,0.52,8.13,0.53,1.67,8.13,1.4,IFCT2017
E038,"Mango, ripe, himsagar",Fruits,44.7,0.46,8.06,0.54,1.55,8.06,1.3,IFCT2017
E039,"Mango, ripe, kesar",Fruits,55.2,0.54,9.0,0.57,2.02,9.0,1.4,IFCT2017
E040,"Mango, ripe, neelam",Fruits,42.5,0.68,7.94,0.55,1.77,7.94,1.2,IFCT2017
E041,"Mango, ripe, paheri",Fruits,44.9,0.68,8.48,0.58,1.97,8.48,1.6,IFCT2017
E042,"Mango, ripe, totapari",Fruits,59.3,0.41,9.24,0.49,1.73,9.24,1.3,IFCT2017
E043,Mangosteen,Fruits,52.3,0.63,9.41,0.24,1.87,8.91,3.8,IFCT2017
E044,Manila tamarind,Fruits,81.7,3.56,12.63,1.14,4.4,12.13,1.4,IFCT2017
E045,"Musk melon, orange flesh",Fruits,23.2,0.42,2.99,0.35,1.51,2.99,14.9,IFCT2017
E046,"Musk melon, yellow flesh",Fruits,27.7,0.53,2.36,0.26,1.49,2.36,15.8,IFCT2017
E047,"Orange, pulp",Fruits,37.3,0.7,6.86,0.13,1.29,6.86,1.5,IFCT2017
E048,"Palm fruit, tender",Fruits,24.1,0.5,1.03,0.12,2.4,0.19,1.2,IFCT2017
E049,"Papaya, ripe",Fruits,23.9,0.42,4.09,0.16,2.83,4.09,6.7,IFCT2017
E050,Peach,Fruits,40.2,0.86,6.95,0.37,2.13,6.95,1.2,IFCT2017
E051,Pear,Fruits,37.5,0.36,7.39,0.27,4.48,7.39,1.6,IFCT2017
E052,Phalsa,Fruits,71.5,1.66,13.75,0.14,4.54,13.0,2.0,IFCT2017
E053,Pineapple,Fruits,43.0,0.52,8.56,0.16,3.46,8.56,1.4,IFCT2017
E054,Plum,Fruits,56.9,0.64,10.13,0.4,2.07,10.13,1.6,IFCT2017
E055,"Pomegranate, maroon seeds",Fruits,54.7,1.33,10.87,0.15,2.83,10.87,2.1,IFCT2017
E056,Pummelo,Fruits,50.2,0.68,4.85,0.42,0.8,4.38,1.1,IFCT2017
E057,"Raisins, dried, black",Fruits,305.7,2.57,62.8,0.34,3.92,61.51,11.0,IFCT2017
E058,"Raisins, dried, golden",Fruits,296.6,2.76,58.17,0.35,4.56,57.12,10.2,IFCT2017
E059,Rambutan,Fruits,73.1,0.68,15.8,0.16,1.02,15.8,1.8,IFCT2017
E060,Sapota,Fruits,73.4,0.92,12.3,1.26,9.6,12.3,4.6,IFCT2017
E061,Soursop,Fruits,62.1,0.74,9.95,0.94,4.95,9.83,6.8,IFCT2017
E062,Star fruit,Fruits,26.3,0.79,3.95,0.39,2.81,3.95,1.6,IFCT2017
E063,Strawberry,Fruits,24.6,0.97,3.66,0.56,2.5,3.56,1.2,IFCT2017
E064,"Tamarind, pulp",Fruits,288.5,2.92,52.88,0.15,5.31,52.88,24.9,IFCT2017
E065,"Water melon, dark green (sugar baby)",Fruits,20.3,0.6,3.66,0.16,0.7,3.66,1.9,IFCT2017
E066,"Water melon, pale green",Fruits,16.7,0.59,3.0,0.16,0.78,3.0,1.6,IFCT2017
E067,Wood Apple,Fruits,78.2,3.14,6.6,3.62,5.21,3.81,1.5,IFCT2017
E068,Zizyphus,Fruits,48.8,1.34,8.29,0.35,3.73,8.29,1.5,IFCT2017
F001,Beet root,Roots and Tubers,35.6,1.95,6.04,0.14,3.31,4.35,69.4,IFCT2017
F002,"Carrot, orange",Roots and Tubers,33.2,0.95,4.48,0.47,4.18,3.23,52.3,IFCT2017
F003,"Carrot, red",Roots and Tubers,38.2,1.04,5.35,0.47,4.49,3.96,60.7,IFCT2017
F004,Colocasia,Roots and Tubers,88.9,3.31,14.78,0.17,3.22,0.9,4.5,IFCT2017
F005,Lotus root,Roots and Tubers,79.3,1.94,13.46,0.93,4.7,0.24,20.6,IFCT2017
F006,"Potato, brown skin, big",Roots and Tubers,69.8,1.54,11.79,0.23,1.71,0.32,4.1,IFCT2017
F007,"Potato, brown skin, small",Roots and Tubers,60.9,1.35,10.73,0.22,1.69,0.44,4.0,IFCT2017
F008,"Potato, red skin",Roots and Tubers,73.1,1.83,13.46,0.22,1.68,0.38,4.4,IFCT2017
F009,"Radish, elongate, red skin",Roots and Tubers,32.0,0.67,1.56,0.13,2.46,1.15,24.7,IFCT2017
F010,"Radish, elongate, white skin",Roots and Tubers,32.3,0.77,1.54,0.15,2.65,0.95,28.2,IFCT2017
F011,"Radish, round, red skin",Roots and Tubers,31.1,0.89,1.5,0.16,2.29,0.86,32.3,IFCT2017
F012,"Radish, round, white skin",Roots and Tubers,30.8,0.8,1.46,0.14,2.37,1.16,24.1,IFCT2017
F013,"Sweet potato, brown skin",Roots and Tubers,109.0,1.33,22.45,0.26,3.99,3.63,29.6,IFCT2017
F014,"Sweet potato, pink skin",Roots and Tubers,108.0,1.27,23.91,0.33,3.94,4.03,29.0,IFCT2017
F015,Tapioca,Roots and Tubers,79.8,1.03,17.5,0.2,4.61,2.14,10.9,IFCT2017
F016,Water Chestnut,Roots and Tubers,95.6,0.86,17.88,0.37,3.02,1.95,13.1,IFCT2017
F017,"Yam, elephant",Roots and Tubers,84.4,2.56,15.94,0.14,4.17,1.58,14.3,IFCT2017
F018,"Yam, ordinary",Roots and Tubers,83.4,2.18,16.09,0.17,4.08,1.15,15.3,IFCT2017
F019,"Yam, wild",Roots and Tubers,102.8,3.07,16.89,0.3,4.57,1.54,12.8,IFCT2017
G001,"Chillies, green-1",Condiments and Spices,45.7,2.62,3.02,0.73,4.86,0.71,3.3,IFCT2017
G002,"Chillies, green-2",Condiments and Spices,39.9,2.28,3.01,0.75,5.13,1.05,2.5,IFCT2017
G003,"Chillies, green-3",Condiments and Spices,40.4,2.38,2.39,0.75,5.1,0.54,2.6,IFCT2017
G004,"Chillies, green-4",Condiments and Spices,45.4,2.33,2.27,0.74,4.15,0.62,1.9,IFCT2017
G005,"Chillies, green-5",Condiments and Spices,43.0,2.01,2.3,0.65,3.95,0.46,2.2,IFCT2017
G006,"Chillies, green-6",Condiments and Spices,41.8,3.01,2.29,0.64,5.15,0.59,2.4,IFCT2017
G007,"Chillies, green-7",Condiments and Spices,39.0,2.12,3.21,0.6,4.95,0.73,2.0,IFCT2017
G008,"Chillies, green - all varieties",Condiments and Spices,42.3,2.36,2.63,0.72,4.77,0.67,2.5,IFCT2017
G009,Coriander leaves,Condiments and Spices,31.1,3.52,1.23,0.7,4.66,0.17,37.0,IFCT2017
G010,Curry leaves,Condiments and Spices,63.6,7.41,3.66,1.06,16.83,0.6,18.7,IFCT2017
G011,"Garlic, big clove",Condiments and Spices,123.8,6.92,20.81,0.16,5.22,5.97,9.4,IFCT2017
G012,"Garlic, small clove",Condiments and Spices,122.8,6.75,19.7,0.14,5.47,4.84,10.6,IFCT2017
G013,"Garlic, single clove, Kashmir",Condiments and Spices,125.0,6.12,21.26,0.16,4.01,3.73,8.9,IFCT2017
G014,"Ginger, fresh",Condiments and Spices,55.0,2.22,5.11,0.85,5.36,1.31,10.0,IFCT2017
G015,Mango ginger,Condiments and Spices,42.3,1.45,4.21,0.7,4.74,2.42,5.5,IFCT2017
G016,Mint leaves,Condiments and Spices,37.0,4.66,1.1,0.65,5.89,0.08,16.9,IFCT2017
G017,"Onion, big",Condiments and Spices,48.0,1.5,6.68,0.24,2.45,5.88,5.5,IFCT2017
G018,"Onion, small",Condiments and Spices,56.6,1.82,6.37,0.16,1.16,5.62,4.1,IFCT2017
G019,Asafoetida,Condiments and Spices,331.5,6.34,37.76,1.26,5.13,0.93,16.0,IFCT2017
G020,"Cardamom, green",Condiments and Spices,255.0,8.1,33.75,2.6,23.1,4.28,15.5,IFCT2017
G021,"Cardamom, black",Condiments and Spices,270.6,6.69,31.34,2.8,23.46,2.3,16.2,IFCT2017
G022,"Chillies, red",Condiments and Spices,236.6,12.69,9.45,6.4,31.15,4.7,19.4,IFCT2017
G023,Cloves,Condiments and Spices,186.7,5.86,10.67,8.41,34.52,2.1,183.0,IFCT2017
G024,Coriander seeds,Condiments and Spices,268.9,10.66,8.45,17.47,44.81,2.38,34.4,IFCT2017
G025,Cumin seeds,Condiments and Spices,304.5,13.91,15.84,16.64,30.35,1.38,125.0,IFCT2017
G026,Fenugreek seeds,Condiments and Spices,234.9,25.41,4.22,5.72,47.55,0.55,40.2,IFCT2017
G027,Mace,Condiments and Spices,355.6,6.24,23.71,24.41,20.31,0.85,27.2,IFCT2017
G028,Nutmeg,Condiments and Spices,463.7,6.3,25.56,36.52,11.99,1.08,14.3,IFCT2017
G029,Omum,Condiments and Spices,357.3,15.89,18.51,21.11,20.58,2.76,28.6,IFCT2017
G030,Pippali,Condiments and Spices,216.5,10.53,34.46,2.27,34.14,2.75,16.3,IFCT2017
G031,"Pepper, black",Condiments and Spices,217.5,10.12,35.67,2.74,33.16,0.32,24.1,IFCT2017
G032,Poppy seeds,Condiments and Spices,422.6,20.31,12.28,30.38,26.68,1.85,25.4,IFCT2017
G033,Turmeric powder,Condiments and Spices,280.6,7.66,45.67,5.03,21.38,1.23,24.4,IFCT2017
H001,Almond,Nuts and Oil Seeds,609.2,18.41,2.24,58.49,13.06,2.23,1.5,IFCT2017
H002,"Arecanut, dried, brown",Nuts and Oil Seeds,350.6,5.78,68.32,4.35,11.44,1.76,12.1,IFCT2017
H003,"Arecanut, dried, red color",Nuts and Oil Seeds,353.0,6.46,69.12,4.46,11.11,1.79,17.1,IFCT2017
H004,"Arecanut, fresh",Nuts and Oil Seeds,244.7,2.73,40.1,5.51,7.63,4.72,5.5,IFCT2017
H005,Cashew nut,Nuts and Oil Seeds,582.7,18.78,23.23,45.2,3.86,3.11,9.0,IFCT2017
H006,"Coconut, kernal, dry",Nuts and Oil Seeds,624.0,7.27,6.93,63.26,15.88,6.93,16.7,IFCT2017
H007,"Coconut, kernel, fresh",Nuts and Oil Seeds,408.9,3.84,6.2,41.38,10.42,6.2,8.1,IFCT2017
H008,"Garden cress, seeds",Nuts and Oil Seeds,445.3,23.36,31.03,23.74,8.27,0.91,21.8,IFCT2017
H009,"Gingelly seeds, black",Nuts and Oil Seeds,507.6,19.17,9.53,43.1,17.16,0.99,15.9,IFCT2017
H010,"Gingelly seeds, brown",Nuts and Oil Seeds,516.5,21.61,9.31,43.22,17.21,1.39,11.9,IFCT2017
H011,"Gingelly seeds, white",Nuts and Oil Seeds,519.6,21.7,8.61,43.05,16.99,0.67,15.4,IFCT2017
H012,Ground nut,Nuts and Oil Seeds,520.1,23.65,14.61,39.63,10.38,4.42,12.2,IFCT2017
H013,Mustard seeds,Nuts and Oil Seeds,509.6,19.51,14.12,40.19,14.1,5.07,4.0,IFCT2017
H014,Linseeds,Nuts and Oil Seeds,443.8,18.55,8.15,35.67,26.17,0.6,32.9,IFCT2017
H015,"Niger seeds, black",Nuts and Oil Seeds,512.4,18.92,16.76,38.61,10.93,1.75,10.7,IFCT2017
H016,"Niger seeds, gray",Nuts and Oil Seeds,508.6,18.34,16.75,39.53,10.96,0.41,8.1,IFCT2017
H017,Pine seed,Nuts and Oil Seeds,594.2,12.55,22.6,48.79,3.79,4.67,1.3,IFCT2017
H018,Pistachio nuts,Nuts and Oil Seeds,539.4,23.35,14.55,42.49,10.64,7.9,6.9,IFCT2017
H019,Safflower seeds,Nuts and Oil Seeds,473.5,17.66,28.15,30.87,13.49,2.67,3.1,IFCT2017
H020,Sunflower seeds,Nuts and Oil Seeds,586.3,23.53,6.79,51.85,10.8,2.81,1.9,IFCT2017
H021,Walnut,Nuts and Oil Seeds,671.4,14.92,10.05,64.27,5.39,3.22,1.3,IFCT2017
I001,"Jaggery, cane",Sugars,353.7,1.85,84.32,0.16,0.0,84.32,25.4,IFCT2017
I002,"Sugarcane, juice",Sugars,57.8,0.16,12.85,0.4,0.56,12.85,1.2,IFCT2017
J001,"Button mushroom, fresh",Mushrooms,27.5,3.68,0.8,0.42,3.11,0.1,7.7,IFCT2017
J002,"Chicken mushroom, fresh",Mushrooms,21.3,1.84,1.96,0.25,1.99,0.1,10.2,IFCT2017
J003,"Shiitake mushroom, fresh",Mushrooms,58.1,3.19,4.51,0.76,3.02,0.2,9.3,IFCT2017
J004,"Oyster mushroom, dried",Mushrooms,243.5,19.04,22.0,2.86,39.12,0.68,8.7,IFCT2017
K001,Toddy,Miscellaneous Foods,24.1,0.18,5.73,0.03,0.0,5.73,1.6,IFCT2017
K002,Coconut Water,Miscellaneous Foods,15.3,0.26,3.06,0.16,0.0,3.06,28.1,IFCT2017
L001,"Milk, whole, Buffalo",Milk and Milk Products,107.3,3.68,5.48,6.58,0.0,5.34,30.1,IFCT2017
L002,"Milk, whole, Cow",Milk and Milk Products,72.9,3.26,4.94,4.48,0.0,4.89,25.5,IFCT2017
L003,Paneer,Milk and Milk Products,257.9,18.86,12.01,14.78,0.0,11.57,18.0,IFCT2017
L004,Khoa,Milk and Milk Products,316.0,16.34,16.33,20.62,0.0,16.14,48.1,IFCT2017
M001,"Egg, poultry, whole, raw",Egg and Egg Products,134.8,13.28,0.0,9.15,0.0,0.0,123.0,IFCT2017
M002,"Egg, poultry, white, raw",Egg and Egg Products,44.7,10.84,0.0,0.06,0.0,0.0,166.0,IFCT2017
M003,"Egg, poultry, yolk, raw",Egg and Egg Products,296.8,15.74,0.0,26.34,0.0,0.0,46.3,IFCT2017
M004,"Egg, poultry, whole, boiled",Egg and Egg Products,147.7,13.43,0.0,10.54,0.0,0.0,121.0,IFCT2017
M005,"Egg, poultry, white, boiled",Egg and Egg Products,52.6,12.37,0.0,0.26,0.0,0.0,144.0,IFCT2017
M006,"Egg, poultry, yolk, boiled",Egg and Egg Products,308.3,16.13,0.0,27.46,0.0,0.0,44.8,IFCT2017
M007,"Egg, poultry, omlet",Egg and Egg Products,169.7,16.53,0.0,11.6,0.0,0.0,169.0,IFCT2017
M008,"Egg, country hen, whole, raw",Egg and Egg Products,168.3,13.14,0.0,13.0,0.0,0.0,157.0,IFCT2017
M009,"Egg, country hen, whole, boiled",Egg and Egg Products,183.3,14.43,0.0,14.1,0.0,0.0,149.0,IFCT2017
M010,"Egg, country hen, omlet",Egg and Egg Products,204.3,14.8,0.0,16.3,0.0,0.0,157.0,IFCT2017
M011,"Egg, duck, whole, boiled",Egg and Egg Products,176.4,13.8,0.0,13.61,0.0,0.0,110.0,IFCT2017
M012,"Egg, duck, whole, raw",Egg and Egg Products,181.6,14.6,0.0,13.83,0.0,0.0,113.0,IFCT2017
M013,"Egg, duck, whole, omlet",Egg and Egg Products,192.2,15.1,0.0,14.8,0.0,0.0,175.0,IFCT2017
M014,"Egg, quial, whole, raw",Egg and Egg Products,151.8,12.39,0.0,11.46,0.0,0.0,132.0,IFCT2017
M015,"Egg, quial, whole, boiled",Egg and Egg Products,154.6,13.03,0.0,11.5,0.0,0.0,130.0,IFCT2017
N001,"Chicken, poultry, leg, skinless",Poultry,383.6,19.44,0.0,12.64,0.0,0.0,65.1,IFCT2017
N002,"Chicken, poultry, thigh, skinless",Poultry,199.8,18.18,0.0,14.23,0.0,0.0,64.6,IFCT2017
N003,"Chicken, poultry, breast, skinless",Poultry,168.3,21.81,0.0,9.0,0.0,0.0,36.7,IFCT2017
N004,"Chicken, poultry, wing, skinless",Poultry,192.9,17.42,0.0,13.81,0.0,0.0,72.8,IFCT2017
N005,"Poultry, chicken, liver",Poultry,123.8,21.57,0.0,4.08,0.0,0.0,61.6,IFCT2017
N006,"Poultry, chicken, gizzard",Poultry,92.3,18.22,0.0,2.07,0.0,0.0,50.6,IFCT2017
N007,"Country hen, leg, with skin",Poultry,172.8,17.01,0.0,11.73,0.0,0.0,50.5,IFCT2017
N008,"Country hen, thigh, with skin",Poultry,187.6,18.29,0.0,12.82,0.0,0.0,51.1,IFCT2017
N009,"Country hen, breast, with skin",Poultry,180.0,22.08,0.0,10.2,0.0,0.0,23.1,IFCT2017
N010,"Country hen, wing, with skin",Poultry,182.6,18.65,0.0,12.09,0.0,0.0,54.2,IFCT2017
N011,"Duck, meat, with skin",Poultry,130.7,19.07,0.0,6.03,0.0,0.0,82.2,IFCT2017
N012,"Emu, meat, skinless",Poultry,132.9,22.65,0.0,4.62,0.0,0.0,48.5,IFCT2017
N013,"Guinea fowl, meat, with skin",Poultry,112.1,20.52,0.0,3.24,0.0,0.0,57.6,IFCT2017
N014,"Pigeon, meat, with skin",Poultry,126.2,17.94,0.0,6.03,0.0,0.0,56.1,IFCT2017
N015,"Quail, meat, skinless",Poultry,137.7,20.92,0.0,5.95,0.0,0.0,56.2,IFCT2017
N016,"Turkey, leg, with skin",Poultry,154.6,20.3,0.0,8.15,0.0,0.0,66.5,IFCT2017
N017,"Turkey, thigh, with skin",Poultry,138.9,20.46,0.0,6.31,0.0,0.0,50.0,IFCT2017
N018,"Turkey, breast, with skin",Poultry,160.4,21.96,0.0,8.04,0.0,0.0,40.4,IFCT2017
N019,"Turkey, wing, with skin",Poultry,184.3,21.91,0.0,10.77,0.0,0.0,57.0,IFCT2017
O001,"Goat, shoulder, meat",Animal Meat,188.1,20.33,0.0,11.94,0.0,0.0,47.3,IFCT2017
O002,"Goat, chops",Animal Meat,135.8,20.39,0.0,5.98,0.0,0.0,45.7,IFCT2017
O003,"Goat, legs",Animal Meat,159.9,22.07,0.0,7.94,0.0,0.0,42.8,IFCT2017
O004,"Goat, brain",Animal Meat,127.4,13.82,0.0,8.06,0.0,0.0,132.0,IFCT2017
O005,"Goat, tongue",Animal Meat,188.6,16.63,0.0,13.68,0.0,0.0,118.0,IFCT2017
O006,"Goat, lungs",Animal Meat,95.8,16.86,0.0,3.09,0.0,0.0,85.7,IFCT2017
O007,"Goat, heart",Animal Meat,117.6,19.38,0.0,4.4,0.0,0.0,73.2,IFCT2017
O008,"Goat, liver",Animal Meat,125.7,20.32,0.0,4.88,0.0,0.0,55.4,IFCT2017
O009,"Goat, tripe",Animal Meat,92.3,15.36,0.0,3.36,0.0,0.0,22.4,IFCT2017
O010,"Goat, spleen",Animal Meat,95.8,18.45,0.0,2.37,0.0,0.0,52.4,IFCT2017
O011,"Goat, kidneys",Animal Meat,89.4,15.6,0.0,2.93,0.0,0.0,184.0,IFCT2017
O012,"Goat, tube (small intestine)",Animal Meat,125.5,12.92,0.0,8.26,0.0,0.0,7.5,IFCT2017
O013,"Goat, testis",Animal Meat,71.2,12.32,0.0,2.39,0.0,0.0,92.6,IFCT2017
O014,"Sheep, shoulder",Animal Meat,200.8,18.24,0.0,14.31,0.0,0.0,45.7,IFCT2017
O015,"Sheep, chops",Animal Meat,118.5,18.0,0.0,5.15,0.0,0.0,45.3,IFCT2017
O016,"Sheep, leg",Animal Meat,164.0,21.42,0.0,8.69,0.0,0.0,49.3,IFCT2017
O017,"Sheep, brain",Animal Meat,117.6,13.05,0.0,7.29,0.0,0.0,122.0,IFCT2017
O018,"Sheep, tongue",Animal Meat,187.1,16.61,0.0,13.53,0.0,0.0,185.0,IFCT2017
O019,"Sheep, lungs",Animal Meat,86.8,16.12,0.0,2.41,0.0,0.0,109.0,IFCT2017
O020,"Sheep, heart",Animal Meat,106.4,18.19,0.0,3.66,0.0,0.0,72.6,IFCT2017
O021,"Sheep, liver",Animal Meat,133.6,22.26,0.0,4.87,0.0,0.0,55.8,IFCT2017
O022,"Sheep, tripe",Animal Meat,104.0,16.76,0.0,4.05,0.0,0.0,18.4,IFCT2017
O023,"Sheep, spleen",Animal Meat,91.8,16.02,0.0,3.02,0.0,0.0,50.6,IFCT2017
O024,"Sheep, kidneys",Animal Meat,91.8,16.22,0.0,2.92,0.0,0.0,163.0,IFCT2017
O025,"Beef, shoulder",Animal Meat,212.5,20.56,0.0,14.59,0.0,0.0,45.6,IFCT2017
O026,"Beef, chops",Animal Meat,139.8,19.82,0.0,6.71,0.0,0.0,32.5,IFCT2017
O027,"Beef, round (leg)",Animal Meat,157.3,22.64,0.0,7.38,0.0,0.0,39.0,IFCT2017
O028,"Beef, brain",Animal Meat,125.0,10.55,0.0,9.28,0.0,0.0,127.0,IFCT2017
O029,"Beef, tongue",Animal Meat,174.7,15.63,0.0,12.57,0.0,0.0,89.9,IFCT2017
O030,"Beef, lungs",Animal Meat,83.9,15.66,0.0,2.28,0.0,0.0,109.0,IFCT2017
O031,"Beef, heart",Animal Meat,103.5,17.68,0.0,3.57,0.0,0.0,70.5,IFCT2017
O032,"Beef, liver",Animal Meat,119.3,20.73,0.0,3.96,0.0,0.0,50.1,IFCT2017
O033,"Beef, tripe",Animal Meat,75.5,13.1,0.0,2.51,0.0,0.0,41.0,IFCT2017
O034,"Beef, spleen",Animal Meat,90.3,17.42,0.0,2.22,0.0,0.0,58.9,IFCT2017
O035,"Beef, kidneys",Animal Meat,104.9,17.09,0.0,4.01,0.0,0.0,160.0,IFCT2017
O036,"Calf, shoulder",Animal Meat,151.3,20.98,0.0,7.47,0.0,0.0,77.0,IFCT2017
O037,"Calf, chops",Animal Meat,125.2,22.47,0.0,3.85,0.0,0.0,64.9,IFCT2017
O038,"Calf, round (leg)",Animal Meat,147.0,21.1,0.0,6.92,0.0,0.0,67.0,IFCT2017
O039,"Calf, brain",Animal Meat,107.1,9.84,0.0,7.6,0.0,0.0,115.0,IFCT2017
O040,"Calf, tongue",Animal Meat,176.1,17.78,0.0,11.76,0.0,0.0,91.6,IFCT2017
O041,"Calf, heart",Animal Meat,109.7,18.84,0.0,3.75,0.0,0.0,58.0,IFCT2017
O042,"Calf, liver",Animal Meat,120.2,21.02,0.0,3.95,0.0,0.0,55.0,IFCT2017
O043,"Calf, spleen",Animal Meat,90.6,17.71,0.0,2.12,0.0,0.0,67.9,IFCT2017
O044,"Calf, kidneys",Animal Meat,92.5,15.16,0.0,3.5,0.0,0.0,174.0,IFCT2017
O045,"Mithun, shoulder",Animal Meat,175.9,19.05,0.0,11.14,0.0,0.0,32.9,IFCT2017
O046,"Mithun, chops",Animal Meat,128.1,18.19,0.0,6.12,0.0,0.0,42.2,IFCT2017
O047,"Mithun, round (leg)",Animal Meat,115.9,19.61,0.0,4.1,0.0,0.0,28.4,IFCT2017
O048,"Pork, shoulder",Animal Meat,237.3,17.41,0.0,18.83,0.0,0.0,54.5,IFCT2017
O049,"Pork, chops",Animal Meat,178.8,19.41,0.0,11.3,0.0,0.0,43.7,IFCT2017
O050,"Pork, ham",Animal Meat,240.4,18.83,0.0,18.55,0.0,0.0,40.4,IFCT2017
O051,"Pork, lungs",Animal Meat,85.6,15.13,0.0,2.74,0.0,0.0,61.4,IFCT2017
O052,"Pork, heart",Animal Meat,109.2,16.31,0.0,4.87,0.0,0.0,70.5,IFCT2017
O053,"Pork, liver",Animal Meat,115.7,19.89,0.0,3.94,0.0,0.0,64.9,IFCT2017
O054,"Pork, stomach",Animal Meat,131.5,15.36,0.0,7.81,0.0,0.0,109.0,IFCT2017
O055,"Pork, spleen",Animal Meat,85.3,15.13,0.0,2.71,0.0,0.0,49.1,IFCT2017
O056,"Pork, kidneys",Animal Meat,90.6,14.35,0.0,3.65,0.0,0.0,138.0,IFCT2017
O057,"Pork, tube (small intestine)",Animal Meat,140.3,14.96,0.0,8.98,0.0,0.0,60.2,IFCT2017
O058,"Hare, shoulder",Animal Meat,144.1,21.13,0.0,6.58,0.0,0.0,55.0,IFCT2017
O059,"Hare, chops",Animal Meat,106.4,20.62,0.0,2.55,0.0,0.0,48.6,IFCT2017
O060,"Hare, leg",Animal Meat,120.2,20.52,0.0,4.16,0.0,0.0,42.5,IFCT2017
O061,"Rabbit, shoulder",Animal Meat,151.8,20.01,0.0,7.96,0.0,0.0,61.4,IFCT2017
O062,"Rabbit, chops",Animal Meat,135.0,22.61,0.0,4.88,0.0,0.0,47.8,IFCT2017
O063,"Rabbit, leg",Animal Meat,139.6,21.31,0.0,5.99,0.0,0.0,46.0,IFCT2017
P001,Allathi,Marine Fish,97.0,21.77,0.0,0.98,0.0,0.0,32.7,IFCT2017
P002,Aluva,Marine Fish,103.7,21.63,0.0,1.8,0.0,0.0,44.9,IFCT2017
P003,Anchovy,Marine Fish,87.7,19.88,0.0,0.78,0.0,0.0,212.0,IFCT2017
P004,Ari fish,Marine Fish,99.2,22.01,0.0,1.11,0.0,0.0,37.4,IFCT2017
P005,Betki,Marine Fish,67.9,15.28,0.0,0.29,0.0,0.0,63.7,IFCT2017
P006,Black snapper,Marine Fish,90.1,19.5,0.0,1.24,0.0,0.0,41.2,IFCT2017
P007,Bombay duck,Marine Fish,68.6,13.53,0.0,1.03,0.0,0.0,223.0,IFCT2017
P008,Bommuralu,Marine Fish,115.9,22.3,0.0,2.87,0.0,0.0,61.9,IFCT2017
P009,Cat fish,Marine Fish,109.0,22.18,0.0,2.13,0.0,0.0,35.8,IFCT2017
P010,Chakla,Marine Fish,97.0,20.21,0.0,1.68,0.0,0.0,51.4,IFCT2017
P011,Chappal,Marine Fish,75.8,17.17,0.0,0.67,0.0,0.0,38.1,IFCT2017
P012,Chelu,Marine Fish,87.5,20.02,0.0,0.7,0.0,0.0,37.6,IFCT2017
P013,Chembali,Marine Fish,97.0,20.06,0.0,1.77,0.0,0.0,39.0,IFCT2017
P014,Eri meen,Marine Fish,108.5,22.3,0.0,2.02,0.0,0.0,41.2,IFCT2017
P015,Gobro,Marine Fish,86.5,19.37,0.0,0.88,0.0,0.0,52.7,IFCT2017
P016,Guitar fish,Marine Fish,95.6,22.56,0.0,0.44,0.0,0.0,70.8,IFCT2017
P017,Hilsa,Marine Fish,258.8,21.8,0.0,18.49,0.0,0.0,80.9,IFCT2017
P018,Jallal,Marine Fish,100.4,21.55,0.0,1.46,0.0,0.0,74.3,IFCT2017
P019,Jathi vela meen,Marine Fish,108.3,22.45,0.0,1.92,0.0,0.0,30.5,IFCT2017
P020,Kadal bral,Marine Fish,88.0,18.72,0.0,1.34,0.0,0.0,53.7,IFCT2017
P021,Kadali,Marine Fish,126.7,22.07,0.0,4.2,0.0,0.0,36.1,IFCT2017
P022,Kalamaara,Marine Fish,125.0,20.89,0.0,4.54,0.0,0.0,29.3,IFCT2017
P023,Kalava,Marine Fish,89.4,19.38,0.0,1.2,0.0,0.0,40.1,IFCT2017
P024,Kanamayya,Marine Fish,87.7,20.19,0.0,0.65,0.0,0.0,50.5,IFCT2017
P025,Kannadi paarai,Marine Fish,101.1,22.09,0.0,1.27,0.0,0.0,59.6,IFCT2017
P026,Karimeen,Marine Fish,92.3,19.68,0.0,1.38,0.0,0.0,23.7,IFCT2017
P027,Karnagawala,Marine Fish,86.8,19.52,0.0,0.84,0.0,0.0,63.3,IFCT2017
P028,Kayrai,Marine Fish,108.5,20.15,0.0,3.0,0.0,0.0,25.1,IFCT2017
P029,Kiriyan,Marine Fish,132.9,22.49,0.0,4.7,0.0,0.0,35.9,IFCT2017
P030,Kite fish,Marine Fish,98.7,23.07,0.0,0.56,0.0,0.0,59.0,IFCT2017
P031,Korka,Marine Fish,126.2,23.72,0.0,3.36,0.0,0.0,43.3,IFCT2017
P032,Kulam paarai,Marine Fish,119.7,21.62,0.0,3.6,0.0,0.0,49.2,IFCT2017
P033,Maagaa,Marine Fish,87.5,20.11,0.0,0.67,0.0,0.0,52.3,IFCT2017
P034,Mackerel,Marine Fish,101.1,21.51,0.0,1.53,0.0,0.0,83.0,IFCT2017
P035,Manda clathi,Marine Fish,95.1,21.27,0.0,1.0,0.0,0.0,58.5,IFCT2017
P036,Matha,Marine Fish,93.0,21.17,0.0,0.79,0.0,0.0,62.6,IFCT2017
P037,Milk fish,Marine Fish,105.6,23.66,0.0,1.09,0.0,0.0,43.0,IFCT2017
P038,Moon fish,Marine Fish,125.7,20.74,0.0,4.69,0.0,0.0,65.2,IFCT2017
P039,Mullet,Marine Fish,93.9,20.23,0.0,1.32,0.0,0.0,66.1,IFCT2017
P040,Mural,Marine Fish,82.5,19.04,0.0,0.58,0.0,0.0,110.0,IFCT2017
P041,Myil meen,Marine Fish,98.0,22.89,0.0,0.56,0.0,0.0,62.0,IFCT2017
P042,Nalla bontha,Marine Fish,87.0,19.82,0.0,0.72,0.0,0.0,57.9,IFCT2017
P043,Narba,Marine Fish,103.3,21.95,0.0,1.6,0.0,0.0,49.5,IFCT2017
P044,Paarai,Marine Fish,104.0,21.58,0.0,1.84,0.0,0.0,45.2,IFCT2017
P045,Padayappa,Marine Fish,86.0,19.7,0.0,0.69,0.0,0.0,33.9,IFCT2017
P046,Pali kora,Marine Fish,94.2,19.25,0.0,1.81,0.0,0.0,54.8,IFCT2017
P047,Pambada,Marine Fish,128.3,21.95,0.0,4.44,0.0,0.0,82.6,IFCT2017
P048,Pandukopa,Marine Fish,86.0,19.73,0.0,0.65,0.0,0.0,49.2,IFCT2017
P049,Parava,Marine Fish,111.6,21.5,0.0,2.74,0.0,0.0,84.1,IFCT2017
P050,Parcus,Marine Fish,86.3,19.87,0.0,0.62,0.0,0.0,64.4,IFCT2017
P051,Parrot fish,Marine Fish,89.6,20.82,0.0,0.57,0.0,0.0,51.8,IFCT2017
P052,Perinkilichai,Marine Fish,92.5,20.89,0.0,0.87,0.0,0.0,34.2,IFCT2017
P053,Phopat,Marine Fish,101.3,22.05,0.0,1.33,0.0,0.0,36.2,IFCT2017
P054,Piranha,Marine Fish,131.2,20.46,0.0,5.43,0.0,0.0,39.0,IFCT2017
P055,"Pomfret, black",Marine Fish,123.1,18.91,0.0,4.83,0.0,0.0,69.1,IFCT2017
P056,"Pomfret, snub nose",Marine Fish,89.6,21.05,0.0,0.46,0.0,0.0,36.1,IFCT2017
P057,"Pomfret, white",Marine Fish,122.6,19.02,0.0,5.12,0.0,0.0,46.1,IFCT2017
P058,Pranel,Marine Fish,96.8,19.69,0.0,1.89,0.0,0.0,52.4,IFCT2017
P059,Pulli paarai,Marine Fish,95.4,20.06,0.0,1.55,0.0,0.0,58.6,IFCT2017
P060,Queen fish,Marine Fish,95.6,20.97,0.0,1.17,0.0,0.0,48.9,IFCT2017
P061,Raai fish,Marine Fish,102.8,21.61,0.0,1.69,0.0,0.0,47.6,IFCT2017
P062,Raai vanthu,Marine Fish,98.0,19.39,0.0,2.17,0.0,0.0,50.8,IFCT2017
P063,Rani,Marine Fish,90.1,18.83,0.0,1.49,0.0,0.0,63.2,IFCT2017
P064,"Ray fish, bow head, spotted",Marine Fish,83.4,19.03,0.0,0.7,0.0,0.0,105.0,IFCT2017
P065,Red snapper,Marine Fish,104.4,22.79,0.0,1.34,0.0,0.0,59.9,IFCT2017
P066,"Red snapper, small",Marine Fish,107.8,21.5,0.0,2.3,0.0,0.0,39.0,IFCT2017
P067,Sadaya,Marine Fish,110.4,20.68,0.0,2.97,0.0,0.0,49.4,IFCT2017
P068,Salmon,Marine Fish,172.3,20.97,0.0,9.86,0.0,0.0,20.2,IFCT2017
P069,Sangada,Marine Fish,105.9,20.26,0.0,2.67,0.0,0.0,77.8,IFCT2017
P070,Sankata paarai,Marine Fish,103.7,21.87,0.0,1.68,0.0,0.0,22.3,IFCT2017
P071,Sardine,Marine Fish,152.2,17.91,0.0,8.99,0.0,0.0,38.5,IFCT2017
P072,Shark,Marine Fish,95.1,21.6,0.0,0.83,0.0,0.0,63.6,IFCT2017
P073,"Shark, hammer head",Marine Fish,103.3,23.4,0.0,0.8,0.0,0.0,53.6,IFCT2017
P074,"Shark, spotted",Marine Fish,91.8,20.95,0.0,0.75,0.0,0.0,131.0,IFCT2017
P075,Shelavu,Marine Fish,106.6,22.46,0.0,1.74,0.0,0.0,38.7,IFCT2017
P076,Silan,Marine Fish,151.3,22.72,0.0,6.68,0.0,0.0,29.4,IFCT2017
P077,Silk fish,Marine Fish,97.5,20.65,0.0,1.53,0.0,0.0,41.6,IFCT2017
P078,Silver carp,Marine Fish,132.6,21.71,0.0,5.17,0.0,0.0,19.6,IFCT2017
P079,Sole fish,Marine Fish,87.7,19.05,0.0,1.18,0.0,0.0,74.6,IFCT2017
P080,Stingray,Marine Fish,97.5,23.98,0.0,0.68,0.0,0.0,64.1,IFCT2017
P081,Tarlava,Marine Fish,98.9,21.72,0.0,1.2,0.0,0.0,67.4,IFCT2017
P082,Tholam,Marine Fish,103.3,20.78,0.0,2.13,0.0,0.0,28.0,IFCT2017
P083,Tilapia,Marine Fish,83.4,18.48,0.0,1.08,0.0,0.0,52.6,IFCT2017
P084,Tuna,Marine Fish,112.3,24.5,0.0,1.44,0.0,0.0,52.9,IFCT2017
P085,"Tuna, striped",Marine Fish,96.3,21.28,0.0,1.12,0.0,0.0,22.6,IFCT2017
P086,Valava,Marine Fish,98.0,21.8,0.0,1.06,0.0,0.0,91.9,IFCT2017
P087,Vanjaram,Marine Fish,136.2,22.28,0.0,5.18,0.0,0.0,34.8,IFCT2017
P088,Vela meen,Marine Fish,128.3,22.16,0.0,4.34,0.0,0.0,38.2,IFCT2017
P089,Vora,Marine Fish,100.9,20.14,0.0,2.14,0.0,0.0,43.7,IFCT2017
P090,Whale shark,Marine Fish,95.8,21.83,0.0,0.82,0.0,0.0,116.0,IFCT2017
P091,Xiphinis,Marine Fish,88.4,19.82,0.0,0.88,0.0,0.0,66.2,IFCT2017
P092,"Eggs, Cat fish",Marine Fish,143.4,24.68,0.0,5.28,0.0,0.0,54.8,IFCT2017
Q001,Crab,Marine Shellfish,82.0,10.23,0.0,1.41,0.0,0.0,244.0,IFCT2017
Q002,"Crab, sea",Marine Shellfish,67.6,15.36,0.0,0.6,0.0,0.0,313.0,IFCT2017
Q003,"Lobster, brown",Marine Shellfish,69.8,15.96,0.0,0.56,0.0,0.0,140.0,IFCT2017
Q004,"Lobster, king size",Marine Shellfish,89.6,18.54,0.0,0.78,0.0,0.0,191.0,IFCT2017
Q005,Mud crab,Marine Shellfish,45.4,10.0,0.0,0.55,0.0,0.0,305.0,IFCT2017
Q006,Oyster,Marine Shellfish,60.2,9.51,0.0,2.44,0.0,0.0,41.0,IFCT2017
Q007,"Tiger prawns, brown",Marine Shellfish,65.2,14.85,0.0,0.56,0.0,0.0,188.0,IFCT2017
Q008,"Tiger Prawns, orange",Marine Shellfish,64.5,14.25,0.0,0.74,0.0,0.0,61.0,IFCT2017
R001,"Clam, green shell",Marine Mollusks,58.1,12.14,0.0,0.98,0.0,0.0,322.0,IFCT2017
R002,"Clam, white shell, ribbed",Marine Mollusks,59.8,11.82,0.0,1.34,0.0,0.0,404.0,IFCT2017
R003,Octopus,Marine Mollusks,79.8,14.71,0.0,1.12,0.0,0.0,230.0,IFCT2017
R004,"Squid, black",Marine Mollusks,80.1,16.1,0.0,1.07,0.0,0.0,179.0,IFCT2017
R005,"Squid, hard shell",Marine Mollusks,76.5,16.82,0.0,0.93,0.0,0.0,99.1,IFCT2017
R006,"Squid, red",Marine Mollusks,78.6,16.25,0.0,1.44,0.0,0.0,121.0,IFCT2017
R007,"Squid, white, small",Marine Mollusks,84.4,17.41,0.0,1.15,0.0,0.0,154.0,IFCT2017
S001,Cat fish,Fresh Water Fish and Shellfish,123.8,15.86,0.0,6.24,0.0,0.0,28.3,IFCT2017
S002,Catla,Fresh Water Fish and Shellfish,94.2,17.94,0.0,2.15,0.0,0.0,36.6,IFCT2017
S003,Freshwater Eel,Fresh Water Fish and Shellfish,107.8,20.41,0.0,2.63,0.0,0.0,88.7,IFCT2017
S004,Gold fish,Fresh Water Fish and Shellfish,94.6,16.91,0.0,2.94,0.0,0.0,27.5,IFCT2017
S005,Pangas,Fresh Water Fish and Shellfish,203.6,17.12,0.0,16.77,0.0,0.0,37.4,IFCT2017
S006,Rohu,Fresh Water Fish and Shellfish,102.3,19.71,0.0,2.39,0.0,0.0,35.6,IFCT2017
S007,Crab,Fresh Water Fish and Shellfish,78.2,13.23,0.0,0.89,0.0,0.0,280.0,IFCT2017
S008,"Prawns, big",Fresh Water Fish and Shellfish,90.8,19.24,0.0,0.52,0.0,0.0,849.0,IFCT2017
S009,"Prawns, small",Fresh Water Fish and Shellfish,71.0,13.07,0.0,0.78,0.0,0.0,77.7,IFCT2017
S010,Tiger prawns,Fresh Water Fish and Shellfish,67.9,14.24,0.0,0.66,0.0,0.0,80.8,IFCT2017
T001,Coconut oil,Edible Oils and Fats,0.0,0.0,0.0,100.0,0.0,0.0,0.0,IFCT2017
T002,Corn oil,Edible Oils and Fats,0.0,0.0,0.0,100.01,0.0,0.0,0.0,IFCT2017
T003,Cotton seed oil,Edible Oils and Fats,0.0,0.0,0.0,99.99,0.0,0.0,0.0,IFCT2017
T004,Gingelly oil,Edible Oils and Fats,0.0,0.0,0.0,100.0,0.0,0.0,0.0,IFCT2017
T005,Groundnut oil,Edible Oils and Fats,0.0,0.0,0.0,100.0,0.0,0.0,0.0,IFCT2017
T006,Mustard oil,Edible Oils and Fats,0.0,0.0,0.0,100.0,0.0,0.0,0.0,IFCT2017
T007,Palm oil,Edible Oils and Fats,0.0,0.0,0.0,100.0,0.0,0.0,0.0,IFCT2017
T008,Rice bran oil,Edible Oils and Fats,0.0,0.0,0.0,100.0,0.0,0.0,0.0,IFCT2017
T009,Safflower oil,Edible Oils and Fats,0.0,0.0,0.0,100.01,0.0,0.0,0.0,IFCT2017
T010,Safflower oil (blended),Edible Oils and Fats,0.0,0.0,0.0,100.0,0.0,0.0,0.0,IFCT2017
T011,Soyabean oil,Edible Oils and Fats,0.0,0.0,0.0,100.0,0.0,0.0,0.0,IFCT2017
T012,Sunflower oil,Edible Oils and Fats,0.0,0.0,0.0,100.0,0.0,0.0,0.0,IFCT2017
T013,Ghee,Edible Oils and Fats,0.0,0.0,0.0,100.0,0.0,0.0,0.0,IFCT2017
T014,Vanaspati,Edible Oils and Fats,0.0,0.0,0.0,100.0,0.0,0.0,0.0,IFCT2017
SUP001,Salt,Supplementary Reference,0.0,0.0,0.0,0.0,0.0,0.0,38758.0,USDA reference (not IFCT2017)
SUP002,Water,Supplementary Reference,0.0,0.0,0.0,0.0,0.0,0.0,0.0,USDA reference (not IFCT2017)
